<?xml version="1.0"?>
<Runs Version="1" Minor="0">
	<Run Id="design_1_processing_system7_0_0_synth_1" LaunchDir="/home/ross/repos/ELVIS/lab2/lab2.runs/design_1_processing_system7_0_0_synth_1" FlowId="Vivado_Synthesis" FromStepId="vivado" ToStepId="vivado"/>
	<Run Id="design_1_AXI_Converter_0_0_synth_1" LaunchDir="/home/ross/repos/ELVIS/lab2/lab2.runs/design_1_AXI_Converter_0_0_synth_1" FlowId="Vivado_Synthesis" FromStepId="vivado" ToStepId="vivado"/>
	<Run Id="design_1_rst_ps7_0_50M_0_synth_1" LaunchDir="/home/ross/repos/ELVIS/lab2/lab2.runs/design_1_rst_ps7_0_50M_0_synth_1" FlowId="Vivado_Synthesis" FromStepId="vivado" ToStepId="vivado"/>
	<Run Id="design_1_axi_smc_0_synth_1" LaunchDir="/home/ross/repos/ELVIS/lab2/lab2.runs/design_1_axi_smc_0_synth_1" FlowId="Vivado_Synthesis" FromStepId="vivado" ToStepId="vivado"/>
	<Run Id="design_1_top_0_0_synth_1" LaunchDir="/home/ross/repos/ELVIS/lab2/lab2.runs/design_1_top_0_0_synth_1" FlowId="Vivado_Synthesis" FromStepId="vivado" ToStepId="vivado"/>
	<Parameters>
		<Parameter Name="runs.monitorLSFJobs" Val="true" Type="bool"/>
		<Parameter Name="runs.enableClusterConf" Val="true" Type="bool"/>
	</Parameters>
</Runs>

